id,Name,Date (UTC),Description,Url,Tax Code,type (metadata),data (metadata),country (metadata),continent (metadata),validity (metadata)
prod_SQXgbCeMvTMkGY,Australia,2025-06-02 22:12,eSIM data plans for Australia,,,eSIM,,Australia,Oceania,
prod_SQXgKo6J7D71Tx,Argentina,2025-06-02 22:12,eSIM data plans for Argentina,,,eSIM,,Argentina,South America,
prod_SQXg7Apv9DqV45,Zambia,2025-06-02 22:12,eSIM data plans for Zambia,,,eSIM,,Zambia,Other,
prod_SQXfSq7fGIN6O2,Vietnam,2025-06-02 22:12,eSIM data plans for Vietnam,,,eSIM,,Vietnam,Other,
prod_SQXfdIZ1AdfnYx,Venezuela,2025-06-02 22:12,eSIM data plans for Venezuela,,,eSIM,,Venezuela,Other,
prod_SQXfEDebG8uDiT,Vanuatu,2025-06-02 22:12,eSIM data plans for Vanuatu,,,eSIM,,Vanuatu,Other,
prod_SQXfZtyNtWtiVc,Uzbekistan,2025-06-02 22:11,eSIM data plans for Uzbekistan,,,eSIM,,Uzbekistan,Other,
prod_SQXfnckGTirk0t,Uruguay,2025-06-02 22:11,eSIM data plans for Uruguay,,,eSIM,,Uruguay,Other,
prod_SQXfBpsi0WK7rl,United Arab Emirates,2025-06-02 22:11,eSIM data plans for United Arab Emirates,,,eSIM,,United Arab Emirates,Other,
prod_SQXfxpDu7owgtU,Ukraine,2025-06-02 22:11,eSIM data plans for Ukraine,,,eSIM,,Ukraine,Other,
prod_SQXeWfTUITQc1h,Uganda,2025-06-02 22:11,eSIM data plans for Uganda,,,eSIM,,Uganda,Other,
prod_SQXe3jPsKj1eZA,USA,2025-06-02 22:11,eSIM data plans for USA,,,eSIM,,USA,Other,
prod_SQXe7vSfLY3F6m,UK,2025-06-02 22:10,eSIM data plans for UK,,,eSIM,,UK,Other,
prod_SQXeKDr8JlPHni,U.S. Virgin Islands,2025-06-02 22:10,eSIM data plans for U.S. Virgin Islands,,,eSIM,,U.S. Virgin Islands,Other,
prod_SQXeomaIFvaKO9,Turks and Caicos Islands,2025-06-02 22:10,eSIM data plans for Turks and Caicos Islands,,,eSIM,,Turks and Caicos Islands,Other,
prod_SQXexEv7tLMTvK,Turkey,2025-06-02 22:10,eSIM data plans for Turkey,,,eSIM,,Turkey,Other,
prod_SQXelfvorAVdoh,Tunisia,2025-06-02 22:10,eSIM data plans for Tunisia,,,eSIM,,Tunisia,Other,
prod_SQXd1NFYH3znXI,Trinidad and Tobago,2025-06-02 22:10,eSIM data plans for Trinidad and Tobago,,,eSIM,,Trinidad and Tobago,Other,
prod_SQXdNmolzfrcLp,Tonga,2025-06-02 22:10,eSIM data plans for Tonga,,,eSIM,,Tonga,Other,
prod_SQXdk4PT8xwkzY,Togo,2025-06-02 22:10,eSIM data plans for Togo,,,eSIM,,Togo,Other,
prod_SQXdsIsksBWxSP,Timor-Leste,2025-06-02 22:10,eSIM data plans for Timor-Leste,,,eSIM,,Timor-Leste,Other,
prod_SQXdevxWi22y6l,Thailand,2025-06-02 22:09,eSIM data plans for Thailand,,,eSIM,,Thailand,Other,
prod_SQXd9DiiVCJVgB,Tanzania,2025-06-02 22:09,eSIM data plans for Tanzania,,,eSIM,,Tanzania,Other,
prod_SQXdwgBrzGkVtk,Tajikistan,2025-06-02 22:09,eSIM data plans for Tajikistan,,,eSIM,,Tajikistan,Other,
prod_SQXdEKum5vK6fu,Taiwan,2025-06-02 22:09,eSIM data plans for Taiwan,,,eSIM,,Taiwan,Other,
prod_SQXdEM7vPY8xNl,Switzerland,2025-06-02 22:09,eSIM data plans for Switzerland,,,eSIM,,Switzerland,Other,
prod_SQXcUNAAFZErmJ,Sweden,2025-06-02 22:09,eSIM data plans for Sweden,,,eSIM,,Sweden,Other,
prod_SQXc3tfemL2XuO,Swaziland,2025-06-02 22:09,eSIM data plans for Swaziland,,,eSIM,,Swaziland,Other,
prod_SQXcozv6kHMQ54,Suriname,2025-06-02 22:08,eSIM data plans for Suriname,,,eSIM,,Suriname,Other,
prod_SQXchNqpOQCvwo,Sudan,2025-06-02 22:08,eSIM data plans for Sudan,,,eSIM,,Sudan,Other,
prod_SQXcwHW8Kq7qrz,St. Vincent and the Grenadines,2025-06-02 22:08,eSIM data plans for St. Vincent and the Grenadines,,,eSIM,,St. Vincent and the Grenadines,Other,
prod_SQXc56ufcCpVQs,Sri Lanka,2025-06-02 22:08,eSIM data plans for Sri Lanka,,,eSIM,,Sri Lanka,Other,
prod_SQXcqqsWNe7XPF,Spain,2025-06-02 22:08,eSIM data plans for Spain,,,eSIM,,Spain,Other,
prod_SQXbVPvEigIVBa,South Korea,2025-06-02 22:08,eSIM data plans for South Korea,,,eSIM,,South Korea,Other,
prod_SQXbQLdEF24xep,South Africa,2025-06-02 22:07,eSIM data plans for South Africa,,,eSIM,,South Africa,Other,
prod_SQXbwQyajy5itc,Slovenia,2025-06-02 22:07,eSIM data plans for Slovenia,,,eSIM,,Slovenia,Other,
prod_SQXbTEXENgKlZL,Slovakia,2025-06-02 22:07,eSIM data plans for Slovakia,,,eSIM,,Slovakia,Other,
prod_SQXboCU0fEz5bX,Sint Maarten,2025-06-02 22:07,eSIM data plans for Sint Maarten,,,eSIM,,Sint Maarten,Other,
prod_SQXbk5kaB7Yzuw,Singapore,2025-06-02 22:07,eSIM data plans for Singapore,,,eSIM,,Singapore,Other,
prod_SQXbZT1MD0qQZg,Seychelles,2025-06-02 22:07,eSIM data plans for Seychelles,,,eSIM,,Seychelles,Other,
prod_SQXaq1FYBsf2fv,Serbia,2025-06-02 22:07,eSIM data plans for Serbia,,,eSIM,,Serbia,Other,
prod_SQXaVIAHBkv1C2,Senegal,2025-06-02 22:07,eSIM data plans for Senegal,,,eSIM,,Senegal,Other,
prod_SQXaLfAEfmmtyS,Saudi Arabia,2025-06-02 22:06,eSIM data plans for Saudi Arabia,,,eSIM,,Saudi Arabia,Other,
prod_SQXaCtRUZ0OQB0,San Marino,2025-06-02 22:06,eSIM data plans for San Marino,,,eSIM,,San Marino,Other,
prod_SQXaMhiRIi6DgO,Samoa,2025-06-02 22:06,eSIM data plans for Samoa,,,eSIM,,Samoa,Other,
prod_SQXaWd3sqjho01,Saipan (CNMI),2025-06-02 22:06,eSIM data plans for Saipan (CNMI),,,eSIM,,Saipan (CNMI),Other,
prod_SQXan6Fu2B0lWf,Saint Martin,2025-06-02 22:06,eSIM data plans for Saint Martin,,,eSIM,,Saint Martin,Other,
prod_SQXa1z0UyeENqc,Saint Lucia,2025-06-02 22:06,eSIM data plans for Saint Lucia,,,eSIM,,Saint Lucia,Other,
prod_SQXZIpou9m2L1J,Saint Kitts and Nevis,2025-06-02 22:06,eSIM data plans for Saint Kitts and Nevis,,,eSIM,,Saint Kitts and Nevis,Other,
prod_SQXZAvq5np3NU0,Saint Barthelemy,2025-06-02 22:06,eSIM data plans for Saint Barthelemy,,,eSIM,,Saint Barthelemy,Other,
prod_SQXZ17agnIAFws,Rwanda,2025-06-02 22:06,eSIM data plans for Rwanda,,,eSIM,,Rwanda,Other,
prod_SQXZln6EmWHDnH,Russia,2025-06-02 22:05,eSIM data plans for Russia,,,eSIM,,Russia,Other,
prod_SQXZutXFBQJvtO,Romania,2025-06-02 22:05,eSIM data plans for Romania,,,eSIM,,Romania,Other,
prod_SQXZ1Eolj2h04G,Reunion,2025-06-02 22:05,eSIM data plans for Reunion,,,eSIM,,Reunion,Other,
prod_SQXZYqO6q4MeWw,Republic of the Congo,2025-06-02 22:05,eSIM data plans for Republic of the Congo,,,eSIM,,Republic of the Congo,Other,
prod_SQXYwmCDQiZUaw,Qatar,2025-06-02 22:05,eSIM data plans for Qatar,,,eSIM,,Qatar,Other,
prod_SQXY0AvpKkvtXa,Puerto Rico,2025-06-02 22:05,eSIM data plans for Puerto Rico,,,eSIM,,Puerto Rico,Other,
prod_SQXYoQhJKK76i8,Portugal,2025-06-02 22:04,eSIM data plans for Portugal,,,eSIM,,Portugal,Other,
prod_SQXYXNvvfMeVA1,Poland,2025-06-02 22:04,eSIM data plans for Poland,,,eSIM,,Poland,Other,
prod_SQXYYFsXqWkLJ2,Philippines,2025-06-02 22:04,eSIM data plans for Philippines,,,eSIM,,Philippines,Other,
prod_SQXYn0wtcB9WrA,Peru,2025-06-02 22:04,eSIM data plans for Peru,,,eSIM,,Peru,Other,
prod_SQXXtt4k1HRdsQ,Paraguay,2025-06-02 22:04,eSIM data plans for Paraguay,,,eSIM,,Paraguay,Other,
prod_SQXXo3OoMc0pUn,Papua New Guinea,2025-06-02 22:04,eSIM data plans for Papua New Guinea,,,eSIM,,Papua New Guinea,Other,
prod_SQXXt03OOp5VT0,Panama,2025-06-02 22:04,eSIM data plans for Panama,,,eSIM,,Panama,Other,
prod_SQXXFmc5eklqbx,Pakistan,2025-06-02 22:03,eSIM data plans for Pakistan,,,eSIM,,Pakistan,Other,
prod_SQXXDe6CpbxQQZ,Oman,2025-06-02 22:03,eSIM data plans for Oman,,,eSIM,,Oman,Other,
prod_SQXXj8FDkfMB2R,Norway,2025-06-02 22:03,eSIM data plans for Norway,,,eSIM,,Norway,Other,
prod_SQXXgcwo7NfAlj,Nigeria,2025-06-02 22:03,eSIM data plans for Nigeria,,,eSIM,,Nigeria,Other,
prod_SQXXiEooywmfKy,Niger,2025-06-02 22:03,eSIM data plans for Niger,,,eSIM,,Niger,Other,
prod_SQXWQnPjgdF2T5,Nicaragua,2025-06-02 22:03,eSIM data plans for Nicaragua,,,eSIM,,Nicaragua,Other,
prod_SQXWZ9xy2oA3OZ,New Zealand,2025-06-02 22:03,eSIM data plans for New Zealand,,,eSIM,,New Zealand,Other,
prod_SQXWVEdQTWN4ih,Netherlands Antilles,2025-06-02 22:02,eSIM data plans for Netherlands Antilles,,,eSIM,,Netherlands Antilles,Other,
prod_SQXWHnpA12A5h8,Netherlands,2025-06-02 22:02,eSIM data plans for Netherlands,,,eSIM,,Netherlands,Other,
prod_SQXWgYzKZISCbL,Nepal,2025-06-02 22:02,eSIM data plans for Nepal,,,eSIM,,Nepal,Other,
prod_SQXWq9Bm2R48R5,Nauru,2025-06-02 22:02,eSIM data plans for Nauru,,,eSIM,,Nauru,Other,
prod_SQXWzd1OZ0omRG,Mozambique,2025-06-02 22:02,eSIM data plans for Mozambique,,,eSIM,,Mozambique,Other,
prod_SQXWy1YvlMfCWx,Morocco,2025-06-02 22:02,eSIM data plans for Morocco,,,eSIM,,Morocco,Other,
prod_SQXVUaw64hLpx9,Montserrat,2025-06-02 22:02,eSIM data plans for Montserrat,,,eSIM,,Montserrat,Other,
prod_SQXV3vy9sfN3vv,Montenegro,2025-06-02 22:02,eSIM data plans for Montenegro,,,eSIM,,Montenegro,Other,
prod_SQXVC8sXI0HDEy,Mongolia,2025-06-02 22:02,eSIM data plans for Mongolia,,,eSIM,,Mongolia,Other,
prod_SQXVokaDEGthfr,Monaco,2025-06-02 22:01,eSIM data plans for Monaco,,,eSIM,,Monaco,Other,
prod_SQXV3G9OscAoNw,Moldova,2025-06-02 22:01,eSIM data plans for Moldova,,,eSIM,,Moldova,Other,
prod_SQXVTm1EAdYOss,Mexico,2025-06-02 22:01,eSIM data plans for Mexico,,,eSIM,,Mexico,Other,
prod_SQXVPq7zFPPOSZ,Mayotte,2025-06-02 22:01,eSIM data plans for Mayotte,,,eSIM,,Mayotte,Other,
prod_SQXVeFIstvUvUm,Mauritius,2025-06-02 22:01,eSIM data plans for Mauritius,,,eSIM,,Mauritius,Other,
prod_SQXUMRzhSC6fR0,Mauritania,2025-06-02 22:01,eSIM data plans for Mauritania,,,eSIM,,Mauritania,Other,
prod_SQXUfuX7BMBBYi,Martinique,2025-06-02 22:01,eSIM data plans for Martinique,,,eSIM,,Martinique,Other,
prod_SQXUtpKGOxcpSI,Malta,2025-06-02 22:00,eSIM data plans for Malta,,,eSIM,,Malta,Other,
prod_SQXUQvJmvG3ufe,Mali,2025-06-02 22:00,eSIM data plans for Mali,,,eSIM,,Mali,Other,
prod_SQXUJEi4D3L8yU,Maldives,2025-06-02 22:00,eSIM data plans for Maldives,,,eSIM,,Maldives,Other,
prod_SQXUaa6DIWc1Yz,Malaysia,2025-06-02 22:00,eSIM data plans for Malaysia,,,eSIM,,Malaysia,Other,
prod_SQXUZQvzbBjLmH,Malawi,2025-06-02 22:00,eSIM data plans for Malawi,,,eSIM,,Malawi,Other,
prod_SQXUK3LWfcBChB,Madagascar,2025-06-02 22:00,eSIM data plans for Madagascar,,,eSIM,,Madagascar,Other,
prod_SQXU6cyOEdHb0p,Macedonia,2025-06-02 22:00,eSIM data plans for Macedonia,,,eSIM,,Macedonia,Other,
prod_SQXTtWKkhyOHFt,Macau,2025-06-02 22:00,eSIM data plans for Macau,,,eSIM,,Macau,Other,
prod_SQXTk1z4pFEh98,Luxembourg,2025-06-02 22:00,eSIM data plans for Luxembourg,,,eSIM,,Luxembourg,Other,
prod_SQXTC4mN9BHlYN,Lithuania,2025-06-02 21:59,eSIM data plans for Lithuania,,,eSIM,,Lithuania,Other,
prod_SQXTkGqeNQCb3E,Liechtenstein,2025-06-02 21:59,eSIM data plans for Liechtenstein,,,eSIM,,Liechtenstein,Other,
prod_SQXTxqHBKnFyav,Liberia,2025-06-02 21:59,eSIM data plans for Liberia,,,eSIM,,Liberia,Other,
prod_SQXTm4Z81QZ0j9,Latvia,2025-06-02 21:59,eSIM data plans for Latvia,,,eSIM,,Latvia,Other,
prod_SQXTlMDz11IcFG,Laos,2025-06-02 21:59,eSIM data plans for Laos,,,eSIM,,Laos,Other,
prod_SQXSfU8HVNQQkW,Kyrgyzstan,2025-06-02 21:59,eSIM data plans for Kyrgyzstan,,,eSIM,,Kyrgyzstan,Other,
prod_SQXSu8TI89LaCt,Kuwait,2025-06-02 21:59,eSIM data plans for Kuwait,,,eSIM,,Kuwait,Other,
prod_SQXSq6Y4wOIjr8,Kosovo,2025-06-02 21:58,eSIM data plans for Kosovo,,,eSIM,,Kosovo,Other,
prod_SQXSAU1b7RdCKf,Kiribati,2025-06-02 21:58,eSIM data plans for Kiribati,,,eSIM,,Kiribati,Other,
prod_SQXSQUdFrWyE1d,Kenya,2025-06-02 21:58,eSIM data plans for Kenya,,,eSIM,,Kenya,Other,
prod_SQXSWxmsvSYv4V,Jordan,2025-06-02 21:58,eSIM data plans for Jordan,,,eSIM,,Jordan,Other,
prod_SQXSaSEpujkKqW,Jersey,2025-06-02 21:58,eSIM data plans for Jersey,,,eSIM,,Jersey,Other,
prod_SQXRIRjdHufN17,Japan,2025-06-02 21:58,eSIM data plans for Japan,,,eSIM,,Japan,Other,
prod_SQXRAOCWqrAyQ2,Jamaica,2025-06-02 21:58,eSIM data plans for Jamaica,,,eSIM,,Jamaica,Other,
prod_SQXRCIhY5ggvHk,Ivory Coast,2025-06-02 21:57,eSIM data plans for Ivory Coast,,,eSIM,,Ivory Coast,Other,
prod_SQXR52y5bFmhMi,Italy,2025-06-02 21:57,eSIM data plans for Italy,,,eSIM,,Italy,Other,
prod_SQXRmANPlLwH8b,Israel,2025-06-02 21:57,eSIM data plans for Israel,,,eSIM,,Israel,Other,
prod_SQXRe8IxM3sMmk,Isle of Man,2025-06-02 21:57,eSIM data plans for Isle of Man,,,eSIM,,Isle of Man,Other,
prod_SQXQcr5eSFIpJM,Ireland,2025-06-02 21:57,eSIM data plans for Ireland,,,eSIM,,Ireland,Other,
prod_SQXQAcjVUeM9Xh,Iraq,2025-06-02 21:57,eSIM data plans for Iraq,,,eSIM,,Iraq,Other,
prod_SQXQZEx0Ys2IeV,Indonesia,2025-06-02 21:56,eSIM data plans for Indonesia,,,eSIM,,Indonesia,Other,
prod_SQXQmsX3AsqoSX,India,2025-06-02 21:56,eSIM data plans for India,,,eSIM,,India,Other,
prod_SQXQI9u0qleluD,Iceland,2025-06-02 21:56,eSIM data plans for Iceland,,,eSIM,,Iceland,Other,
prod_SQXP0k6oWRclwB,Hungary,2025-06-02 21:56,eSIM data plans for Hungary,,,eSIM,,Hungary,Other,
prod_SQXPQp83Yau2W8,Hong Kong,2025-06-02 21:56,eSIM data plans for Hong Kong,,,eSIM,,Hong Kong,Other,
prod_SQXPO4EXrEp4Lb,Honduras,2025-06-02 21:56,eSIM data plans for Honduras,,,eSIM,,Honduras,Other,
prod_SQXPGWpBMUPH7l,Haiti,2025-06-02 21:55,eSIM data plans for Haiti,,,eSIM,,Haiti,Other,
prod_SQXPFYeum09MjN,Guyana,2025-06-02 21:55,eSIM data plans for Guyana,,,eSIM,,Guyana,Other,
prod_SQXPBZwrdq4PBU,Guinea-Bissau,2025-06-02 21:55,eSIM data plans for Guinea-Bissau,,,eSIM,,Guinea-Bissau,Other,
prod_SQXPQO6CW7XjB6,Guinea,2025-06-02 21:55,eSIM data plans for Guinea,,,eSIM,,Guinea,Other,
prod_SQXPBz3Adobvta,Guernsey,2025-06-02 21:55,eSIM data plans for Guernsey,,,eSIM,,Guernsey,Other,
prod_SQXOLbbqAu9lqP,Guatemala,2025-06-02 21:55,eSIM data plans for Guatemala,,,eSIM,,Guatemala,Other,
prod_SQXOYVJnlxxLOf,Guam,2025-06-02 21:55,eSIM data plans for Guam,,,eSIM,,Guam,Other,
prod_SQXOjJcqSLpQQs,Guadeloupe,2025-06-02 21:55,eSIM data plans for Guadeloupe,,,eSIM,,Guadeloupe,Other,
prod_SQXOxTQeEinraF,Grenada,2025-06-02 21:54,eSIM data plans for Grenada,,,eSIM,,Grenada,Other,
prod_SQXOn2W4ScVcFj,Greenland,2025-06-02 21:54,eSIM data plans for Greenland,,,eSIM,,Greenland,Other,
prod_SQXO8C0CyYUBvJ,Greece,2025-06-02 21:54,eSIM data plans for Greece,,,eSIM,,Greece,Other,
prod_SQXOxfkxV6XMj4,Gibraltar,2025-06-02 21:54,eSIM data plans for Gibraltar,,,eSIM,,Gibraltar,Other,
prod_SQXOjv6VH6fQHh,Ghana,2025-06-02 21:54,eSIM data plans for Ghana,,,eSIM,,Ghana,Other,
prod_SQXNSRcawlzlHm,Germany,2025-06-02 21:54,eSIM data plans for Germany,,,eSIM,,Germany,Other,
prod_SQXNEo8BmFjSHF,Georgia,2025-06-02 21:53,eSIM data plans for Georgia,,,eSIM,,Georgia,Other,
prod_SQXNsmhYWri8MZ,Gambia,2025-06-02 21:53,eSIM data plans for Gambia,,,eSIM,,Gambia,Other,
prod_SQXNc9sYgII9mZ,Gabon,2025-06-02 21:53,eSIM data plans for Gabon,,,eSIM,,Gabon,Other,
prod_SQXNZOGSJ5GfRj,French Polynesia,2025-06-02 21:53,eSIM data plans for French Polynesia,,,eSIM,,French Polynesia,Other,
prod_SQXN7Y3USbUHJM,French Guiana,2025-06-02 21:53,eSIM data plans for French Guiana,,,eSIM,,French Guiana,Other,
prod_SQXNsVMdzfDWFU,France,2025-06-02 21:53,eSIM data plans for France,,,eSIM,,France,Other,
prod_SQXM9h6dan7TTn,Finland,2025-06-02 21:53,eSIM data plans for Finland,,,eSIM,,Finland,Other,
prod_SQXM8lUcYHtSb0,Fiji,2025-06-02 21:53,eSIM data plans for Fiji,,,eSIM,,Fiji,Other,
prod_SQXMAuA48IWvEE,Faroe Islands,2025-06-02 21:52,eSIM data plans for Faroe Islands,,,eSIM,,Faroe Islands,Other,
prod_SQXM3AqRrQukeO,Falkland Islands,2025-06-02 21:52,eSIM data plans for Falkland Islands,,,eSIM,,Falkland Islands,Other,
prod_SQXMKVJjeKJ9pR,Ethiopia,2025-06-02 21:52,eSIM data plans for Ethiopia,,,eSIM,,Ethiopia,Other,
prod_SQXM7FpjZDOsIg,Estonia,2025-06-02 21:52,eSIM data plans for Estonia,,,eSIM,,Estonia,Other,
prod_SQXMgtqnmVRI32,El Salvador,2025-06-02 21:52,eSIM data plans for El Salvador,,,eSIM,,El Salvador,Other,
prod_SQXMLWldSLEoOC,Egypt,2025-06-02 21:52,eSIM data plans for Egypt,,,eSIM,,Egypt,Other,
prod_SQXLFD155e4b6m,Ecuador,2025-06-02 21:52,eSIM data plans for Ecuador,,,eSIM,,Ecuador,Other,
prod_SQXLNrIRcBL0Bw,Dominican Republic,2025-06-02 21:52,eSIM data plans for Dominican Republic,,,eSIM,,Dominican Republic,Other,
prod_SQXLDyMVxTncSK,Dominica,2025-06-02 21:51,eSIM data plans for Dominica,,,eSIM,,Dominica,Other,
prod_SQXLs4sTzYL5Np,Denmark,2025-06-02 21:51,eSIM data plans for Denmark,,,eSIM,,Denmark,Other,
prod_SQXLwYLhO6n1AA,Democratic Republic of the Congo,2025-06-02 21:51,eSIM data plans for Democratic Republic of the Congo,,,eSIM,,Democratic Republic of the Congo,Other,
prod_SQXLcfmAHnyApS,Czech Republic,2025-06-02 21:51,eSIM data plans for Czech Republic,,,eSIM,,Czech Republic,Other,
prod_SQXK529BW3lIca,Cyprus,2025-06-02 21:51,eSIM data plans for Cyprus,,,eSIM,,Cyprus,Other,
prod_SQXKOGa70G9aBX,Curacao,2025-06-02 21:51,eSIM data plans for Curacao,,,eSIM,,Curacao,Other,
prod_SQXKM09LiwH2rp,Croatia,2025-06-02 21:51,eSIM data plans for Croatia,,,eSIM,,Croatia,Other,
prod_SQXKxltfFYA731,Costa Rica,2025-06-02 21:50,eSIM data plans for Costa Rica,,,eSIM,,Costa Rica,Other,
prod_SQXKnEMiJXxJTp,Colombia,2025-06-02 21:50,eSIM data plans for Colombia,,,eSIM,,Colombia,Other,
prod_SQXKDrVMfWcW7k,China,2025-06-02 21:50,eSIM data plans for China,,,eSIM,,China,Other,
prod_SQXKUiYHhxLcTR,Chile,2025-06-02 21:50,eSIM data plans for Chile,,,eSIM,,Chile,Other,
prod_SQXJzTYbM80IVn,Chad,2025-06-02 21:50,eSIM data plans for Chad,,,eSIM,,Chad,Other,
prod_SQXJ6yEF6KS3iY,Cayman Islands,2025-06-02 21:50,eSIM data plans for Cayman Islands,,,eSIM,,Cayman Islands,Other,
prod_SQXJap9vwcboHu,Cape Verde,2025-06-02 21:50,eSIM data plans for Cape Verde,,,eSIM,,Cape Verde,Other,
prod_SQXJQ6rZq5Bo14,Canada,2025-06-02 21:49,eSIM data plans for Canada,,,eSIM,,Canada,Other,
prod_SQXJ75iN4MfQ7O,Cameroon,2025-06-02 21:49,eSIM data plans for Cameroon,,,eSIM,,Cameroon,Other,
prod_SQXJJARyXPVZKa,Cambodia,2025-06-02 21:49,eSIM data plans for Cambodia,,,eSIM,,Cambodia,Other,
prod_SQXJzNEuN4KgLj,Burundi,2025-06-02 21:49,eSIM data plans for Burundi,,,eSIM,,Burundi,Other,
prod_SQXJjygdUhCJZl,Burkina Faso,2025-06-02 21:49,eSIM data plans for Burkina Faso,,,eSIM,,Burkina Faso,Other,
prod_SQXJcwFDKehHEg,Bulgaria,2025-06-02 21:49,eSIM data plans for Bulgaria,,,eSIM,,Bulgaria,Other,
prod_SQXJXMZFZmypGK,Brunei,2025-06-02 21:49,eSIM data plans for Brunei,,,eSIM,,Brunei,Other,
prod_SQXIFFTDCHD07Q,British Virgin Islands,2025-06-02 21:49,eSIM data plans for British Virgin Islands,,,eSIM,,British Virgin Islands,Other,
prod_SQXIeKleVWpoDb,Brazil,2025-06-02 21:49,eSIM data plans for Brazil,,,eSIM,,Brazil,Other,
prod_SQXIBtH8rivCPt,Botswana,2025-06-02 21:49,eSIM data plans for Botswana,,,eSIM,,Botswana,Other,
prod_SQXI1YA35It4A0,Bosnia,2025-06-02 21:48,eSIM data plans for Bosnia,,,eSIM,,Bosnia,Other,
prod_SQXIAvMHfYl9UE,Bonaire,2025-06-02 21:48,eSIM data plans for Bonaire,,,eSIM,,Bonaire,Other,
prod_SQXIYCPDhmwpVU,Bolivia,2025-06-02 21:48,eSIM data plans for Bolivia,,,eSIM,,Bolivia,Other,
prod_SQXI4GxR7yn9RI,Bhutan,2025-06-02 21:48,eSIM data plans for Bhutan,,,eSIM,,Bhutan,Other,
prod_SQXIC5Iyi58Ro6,Bermuda,2025-06-02 21:48,eSIM data plans for Bermuda,,,eSIM,,Bermuda,Other,
prod_SQXI4fSlIDdLGf,Benin,2025-06-02 21:48,eSIM data plans for Benin,,,eSIM,,Benin,Other,
prod_SQXIVdTm012lgG,Belize,2025-06-02 21:48,eSIM data plans for Belize,,,eSIM,,Belize,Other,
prod_SQXHLJNqt5k5ei,Belgium,2025-06-02 21:48,eSIM data plans for Belgium,,,eSIM,,Belgium,Other,
prod_SQXHORcrtlPZGS,Barbados,2025-06-02 21:48,eSIM data plans for Barbados,,,eSIM,,Barbados,Other,
prod_SQXHYmCK7uqeBf,Bangladesh,2025-06-02 21:47,eSIM data plans for Bangladesh,,,eSIM,,Bangladesh,Other,
prod_SQXHNvuds4iFUX,Bahrain,2025-06-02 21:47,eSIM data plans for Bahrain,,,eSIM,,Bahrain,Other,
prod_SQXH0D8m8LJwfi,Bahamas,2025-06-02 21:47,eSIM data plans for Bahamas,,,eSIM,,Bahamas,Other,
prod_SQXHeAcx3FcBTY,Aruba,2025-06-02 21:47,eSIM data plans for Aruba,,,eSIM,,Aruba,Other,
prod_SQXHKspgiRkH8P,Antigua and Barbuda,2025-06-02 21:47,eSIM data plans for Antigua and Barbuda,,,eSIM,,Antigua and Barbuda,Other,
prod_SQXH6QLwSpwyXE,Anguilla,2025-06-02 21:47,eSIM data plans for Anguilla,,,eSIM,,Anguilla,Other,
prod_SQXGLaYW3ebFl1,Algeria,2025-06-02 21:47,eSIM data plans for Algeria,,,eSIM,,Algeria,Africa,
prod_SQXGb30Vi7l0qZ,Austria,2025-06-02 21:47,eSIM data plans for Austria,,,eSIM,,Austria,Europe,
prod_SQXGHHSC3yRFVt,Andorra,2025-06-02 21:46,eSIM data plans for Andorra,,,eSIM,,Andorra,Europe,
prod_SQXGUSuIlE7hzX,Albania,2025-06-02 21:46,eSIM data plans for Albania,,,eSIM,,Albania,Europe,
prod_SQXG97xN0PNrMQ,Azerbaijan,2025-06-02 21:46,eSIM data plans for Azerbaijan,,,eSIM,,Azerbaijan,Asia,
prod_SQXGVgIibgRV9E,Armenia,2025-06-02 21:46,eSIM data plans for Armenia,,,eSIM,,Armenia,Asia,
prod_SQXF0CByQ367TA,Afghanistan,2025-06-02 21:46,eSIM data plans for Afghanistan,,,eSIM,,Afghanistan,Asia,
